Pesel,Imie,Nazwisko
94091596197,Aleks,Hałka
93092048412,Eliza,Wawrzynkiewicz
94101165162,Sara,Stróż
99061064926,Błażej,Bandyk
90011867743,Sandra,Kniaź
90091300574,Ida,Matejczyk
92012964450,Dariusz,Rudowicz
92121024221,Karol,Elsner
92082092123,Arkadiusz,Roter
95092746475,Daniel,Ochnio
90090743417,Cezary,Katana
90052345446,Malwina,Basista
96040332061,Marianna,Kazior
94110421558,Apolonia,Durma
91100223059,Liwia,Soczówka
96122337232,Liwia,Posłuszny
97103129699,Alan,Kurzaj
99101658315,Fryderyk,Miecznik
93072588028,Julianna,Droździel
91020663348,Alex,Golonko
94033077441,Alex,Bors
97052641251,Janina,Hołysz
99110934110,Roksana,Holeksa
97041636017,Nela,Posłuszna
95041513598,Sebastian,Berdzik
97042422794,Kaja,Malesza
97062368605,Olga,Tondera
92062844094,Mariusz,Dryka
96081170664,Tymoteusz,Melaniuk
93022885649,Malwina,Jarka
